{"soundValue":0.2282693088054657,"musicValue":0.1960717737674713}