{"soundValue":0.24990494549274445,"musicValue":0.34211239218711855}